uid,time,sec
XGHcBspXfRQj3jD91ty8u2UuT483,2020-01-21 10:15:00,3040.0
XGHcBspXfRQj3jD91ty8u2UuT483,2020-01-21 12:45:00,210.0
XGHcBspXfRQj3jD91ty8u2UuT483,2020-01-21 22:00:00,570.0
XGHcBspXfRQj3jD91ty8u2UuT483,2020-01-21 22:15:00,480.0
XGHcBspXfRQj3jD91ty8u2UuT483,2020-01-21 22:30:00,690.0
XGHcBspXfRQj3jD91ty8u2UuT483,2020-01-21 22:45:00,585.0
XGHcBspXfRQj3jD91ty8u2UuT483,2020-01-21 23:00:00,280.0
XGHcBspXfRQj3jD91ty8u2UuT483,2020-01-21 23:15:00,1080.0
XGHcBspXfRQj3jD91ty8u2UuT483,2020-01-21 23:30:00,1680.0
XGHcBspXfRQj3jD91ty8u2UuT483,2020-01-22 00:00:00,600.0
XGHcBspXfRQj3jD91ty8u2UuT483,2020-01-22 00:15:00,1275.0
XGHcBspXfRQj3jD91ty8u2UuT483,2020-01-22 00:45:00,360.0
XGHcBspXfRQj3jD91ty8u2UuT483,2020-01-22 01:00:00,1740.0
XGHcBspXfRQj3jD91ty8u2UuT483,2020-01-22 01:30:00,480.0
XGHcBspXfRQj3jD91ty8u2UuT483,2020-01-22 01:45:00,1680.0
XGHcBspXfRQj3jD91ty8u2UuT483,2020-01-22 02:15:00,1410.0
XGHcBspXfRQj3jD91ty8u2UuT483,2020-01-22 02:30:00,720.0
XGHcBspXfRQj3jD91ty8u2UuT483,2020-01-22 02:45:00,660.0
XGHcBspXfRQj3jD91ty8u2UuT483,2020-01-22 03:00:00,90.0
XGHcBspXfRQj3jD91ty8u2UuT483,2020-01-22 03:15:00,975.0
XGHcBspXfRQj3jD91ty8u2UuT483,2020-01-22 03:45:00,1140.0
XGHcBspXfRQj3jD91ty8u2UuT483,2020-01-22 04:00:00,2670.0
XGHcBspXfRQj3jD91ty8u2UuT483,2020-01-22 04:45:00,640.0
XGHcBspXfRQj3jD91ty8u2UuT483,2020-01-22 05:15:00,1800.0
XGHcBspXfRQj3jD91ty8u2UuT483,2020-01-22 05:45:00,1680.0
XGHcBspXfRQj3jD91ty8u2UuT483,2020-01-22 06:15:00,2580.0
XGHcBspXfRQj3jD91ty8u2UuT483,2020-01-22 07:00:00,315.0
XGHcBspXfRQj3jD91ty8u2UuT483,2020-01-22 21:00:00,300.0
XGHcBspXfRQj3jD91ty8u2UuT483,2020-01-22 21:15:00,3090.0
XGHcBspXfRQj3jD91ty8u2UuT483,2020-01-22 22:00:00,1110.0
XGHcBspXfRQj3jD91ty8u2UuT483,2020-01-22 22:15:00,960.0
XGHcBspXfRQj3jD91ty8u2UuT483,2020-01-22 22:30:00,1620.0
XGHcBspXfRQj3jD91ty8u2UuT483,2020-01-22 23:00:00,615.0
XGHcBspXfRQj3jD91ty8u2UuT483,2020-01-22 23:15:00,240.0
XGHcBspXfRQj3jD91ty8u2UuT483,2020-01-22 23:30:00,2520.0
XGHcBspXfRQj3jD91ty8u2UuT483,2020-01-23 00:15:00,765.0
XGHcBspXfRQj3jD91ty8u2UuT483,2020-01-23 00:30:00,480.0
XGHcBspXfRQj3jD91ty8u2UuT483,2020-01-23 00:45:00,2250.0
XGHcBspXfRQj3jD91ty8u2UuT483,2020-01-23 01:15:00,300.0
XGHcBspXfRQj3jD91ty8u2UuT483,2020-01-23 01:30:00,1350.0
XGHcBspXfRQj3jD91ty8u2UuT483,2020-01-23 01:45:00,2490.0
XGHcBspXfRQj3jD91ty8u2UuT483,2020-01-23 02:30:00,720.0
XGHcBspXfRQj3jD91ty8u2UuT483,2020-01-23 02:45:00,2250.0
XGHcBspXfRQj3jD91ty8u2UuT483,2020-01-23 03:15:00,2100.0
XGHcBspXfRQj3jD91ty8u2UuT483,2020-01-23 03:45:00,900.0
XGHcBspXfRQj3jD91ty8u2UuT483,2020-01-23 04:00:00,480.0
XGHcBspXfRQj3jD91ty8u2UuT483,2020-01-23 04:15:00,3390.0
XGHcBspXfRQj3jD91ty8u2UuT483,2020-01-23 05:15:00,555.0
XGHcBspXfRQj3jD91ty8u2UuT483,2020-01-23 05:30:00,1530.0
XGHcBspXfRQj3jD91ty8u2UuT483,2020-01-23 06:15:00,1200.0
XGHcBspXfRQj3jD91ty8u2UuT483,2020-01-23 06:45:00,435.0
XGHcBspXfRQj3jD91ty8u2UuT483,2020-01-23 07:00:00,495.0
Z8RsBpxhnkebK5fvahVCmfV7icO2,2019-12-16 01:30:00,2775.0
Z8RsBpxhnkebK5fvahVCmfV7icO2,2019-12-16 03:00:00,480.0
Z8RsBpxhnkebK5fvahVCmfV7icO2,2019-12-16 03:15:00,660.0
Z8RsBpxhnkebK5fvahVCmfV7icO2,2019-12-16 03:30:00,3060.0
Z8RsBpxhnkebK5fvahVCmfV7icO2,2019-12-16 04:15:00,1500.0
Z8RsBpxhnkebK5fvahVCmfV7icO2,2019-12-16 04:45:00,570.0
Z8RsBpxhnkebK5fvahVCmfV7icO2,2019-12-16 05:00:00,795.0
Z8RsBpxhnkebK5fvahVCmfV7icO2,2019-12-16 05:30:00,2040.0
Z8RsBpxhnkebK5fvahVCmfV7icO2,2019-12-16 06:00:00,3510.0
Z8RsBpxhnkebK5fvahVCmfV7icO2,2019-12-16 07:00:00,495.0
Z8RsBpxhnkebK5fvahVCmfV7icO2,2019-12-17 02:00:00,2520.0
Z8RsBpxhnkebK5fvahVCmfV7icO2,2019-12-17 03:15:00,270.0
Z8RsBpxhnkebK5fvahVCmfV7icO2,2019-12-17 03:30:00,217.5
Z8RsBpxhnkebK5fvahVCmfV7icO2,2019-12-17 03:45:00,5700.0
Z8RsBpxhnkebK5fvahVCmfV7icO2,2019-12-17 05:15:00,360.0
Z8RsBpxhnkebK5fvahVCmfV7icO2,2019-12-17 05:30:00,1710.0
Z8RsBpxhnkebK5fvahVCmfV7icO2,2019-12-17 06:00:00,1260.0
Z8RsBpxhnkebK5fvahVCmfV7icO2,2019-12-17 06:15:00,1110.0
Z8RsBpxhnkebK5fvahVCmfV7icO2,2019-12-17 06:30:00,1530.0
Z8RsBpxhnkebK5fvahVCmfV7icO2,2019-12-17 07:00:00,2250.0
Z8RsBpxhnkebK5fvahVCmfV7icO2,2019-12-17 23:45:00,900.0
Z8RsBpxhnkebK5fvahVCmfV7icO2,2019-12-18 00:00:00,1200.0
Z8RsBpxhnkebK5fvahVCmfV7icO2,2019-12-18 00:15:00,170.0
Z8RsBpxhnkebK5fvahVCmfV7icO2,2019-12-18 00:30:00,1620.0
Z8RsBpxhnkebK5fvahVCmfV7icO2,2019-12-18 01:00:00,830.0
Z8RsBpxhnkebK5fvahVCmfV7icO2,2019-12-18 01:30:00,4680.0
Z8RsBpxhnkebK5fvahVCmfV7icO2,2019-12-18 03:00:00,1210.0
Z8RsBpxhnkebK5fvahVCmfV7icO2,2019-12-18 04:00:00,1230.0
Z8RsBpxhnkebK5fvahVCmfV7icO2,2019-12-18 04:15:00,1050.0
Z8RsBpxhnkebK5fvahVCmfV7icO2,2019-12-18 04:30:00,570.0
Z8RsBpxhnkebK5fvahVCmfV7icO2,2019-12-18 04:45:00,1020.0
Z8RsBpxhnkebK5fvahVCmfV7icO2,2019-12-18 05:00:00,1575.0
Z8RsBpxhnkebK5fvahVCmfV7icO2,2019-12-18 05:45:00,2460.0
Z8RsBpxhnkebK5fvahVCmfV7icO2,2019-12-18 06:30:00,630.0
Z8RsBpxhnkebK5fvahVCmfV7icO2,2019-12-18 06:45:00,870.0
Z8RsBpxhnkebK5fvahVCmfV7icO2,2019-12-20 02:45:00,3840.0
Z8RsBpxhnkebK5fvahVCmfV7icO2,2019-12-20 03:45:00,1200.0
Z8RsBpxhnkebK5fvahVCmfV7icO2,2019-12-20 04:00:00,2760.0
Z8RsBpxhnkebK5fvahVCmfV7icO2,2019-12-20 04:45:00,630.0
Z8RsBpxhnkebK5fvahVCmfV7icO2,2019-12-20 05:00:00,1410.0
Z8RsBpxhnkebK5fvahVCmfV7icO2,2019-12-20 05:30:00,2310.0
Z8RsBpxhnkebK5fvahVCmfV7icO2,2019-12-20 06:00:00,1800.0
Z8RsBpxhnkebK5fvahVCmfV7icO2,2019-12-20 06:30:00,480.0
Z8RsBpxhnkebK5fvahVCmfV7icO2,2019-12-20 23:00:00,270.0
Z8RsBpxhnkebK5fvahVCmfV7icO2,2019-12-20 23:15:00,2250.0
Z8RsBpxhnkebK5fvahVCmfV7icO2,2019-12-20 23:45:00,330.0
Z8RsBpxhnkebK5fvahVCmfV7icO2,2019-12-21 00:00:00,330.0
Z8RsBpxhnkebK5fvahVCmfV7icO2,2019-12-21 00:15:00,1350.0
Z8RsBpxhnkebK5fvahVCmfV7icO2,2019-12-21 00:30:00,450.0
Z8RsBpxhnkebK5fvahVCmfV7icO2,2019-12-21 00:45:00,810.0
Z8RsBpxhnkebK5fvahVCmfV7icO2,2019-12-21 01:00:00,2610.0
Z8RsBpxhnkebK5fvahVCmfV7icO2,2019-12-21 01:30:00,510.0
Z8RsBpxhnkebK5fvahVCmfV7icO2,2019-12-21 01:45:00,660.0
Z8RsBpxhnkebK5fvahVCmfV7icO2,2019-12-21 02:00:00,660.0
Z8RsBpxhnkebK5fvahVCmfV7icO2,2019-12-21 02:15:00,510.0
Z8RsBpxhnkebK5fvahVCmfV7icO2,2019-12-21 02:30:00,1980.0
Z8RsBpxhnkebK5fvahVCmfV7icO2,2019-12-21 03:00:00,345.0
Z8RsBpxhnkebK5fvahVCmfV7icO2,2019-12-21 03:15:00,1770.0
Z8RsBpxhnkebK5fvahVCmfV7icO2,2019-12-21 03:45:00,2460.0
Z8RsBpxhnkebK5fvahVCmfV7icO2,2019-12-21 04:15:00,420.0
Z8RsBpxhnkebK5fvahVCmfV7icO2,2019-12-21 04:30:00,1470.0
Z8RsBpxhnkebK5fvahVCmfV7icO2,2019-12-21 05:00:00,3960.0
Z8RsBpxhnkebK5fvahVCmfV7icO2,2019-12-21 06:00:00,960.0
Z8RsBpxhnkebK5fvahVCmfV7icO2,2019-12-23 02:15:00,600.0
Z8RsBpxhnkebK5fvahVCmfV7icO2,2019-12-23 02:30:00,1275.0
Z8RsBpxhnkebK5fvahVCmfV7icO2,2019-12-23 03:15:00,990.0
Z8RsBpxhnkebK5fvahVCmfV7icO2,2019-12-23 03:30:00,855.0
Z8RsBpxhnkebK5fvahVCmfV7icO2,2019-12-23 04:00:00,1140.0
Z8RsBpxhnkebK5fvahVCmfV7icO2,2019-12-23 04:30:00,270.0
Z8RsBpxhnkebK5fvahVCmfV7icO2,2019-12-23 04:45:00,1200.0
Z8RsBpxhnkebK5fvahVCmfV7icO2,2019-12-23 05:00:00,795.0
Z8RsBpxhnkebK5fvahVCmfV7icO2,2019-12-23 05:30:00,2295.0
Z8RsBpxhnkebK5fvahVCmfV7icO2,2019-12-23 06:45:00,2130.0
Z8RsBpxhnkebK5fvahVCmfV7icO2,2019-12-23 07:15:00,420.0
Z8RsBpxhnkebK5fvahVCmfV7icO2,2019-12-23 07:30:00,720.0
Z8RsBpxhnkebK5fvahVCmfV7icO2,2019-12-23 07:45:00,1020.0
Z8RsBpxhnkebK5fvahVCmfV7icO2,2019-12-23 08:15:00,240.0
Z8RsBpxhnkebK5fvahVCmfV7icO2,2019-12-24 00:15:00,5760.0
Z8RsBpxhnkebK5fvahVCmfV7icO2,2019-12-24 02:00:00,3630.0
Z8RsBpxhnkebK5fvahVCmfV7icO2,2019-12-24 03:00:00,900.0
Z8RsBpxhnkebK5fvahVCmfV7icO2,2019-12-24 03:15:00,1380.0
Z8RsBpxhnkebK5fvahVCmfV7icO2,2019-12-24 03:30:00,1590.0
Z8RsBpxhnkebK5fvahVCmfV7icO2,2019-12-24 04:00:00,480.0
Z8RsBpxhnkebK5fvahVCmfV7icO2,2019-12-24 04:15:00,810.0
Z8RsBpxhnkebK5fvahVCmfV7icO2,2019-12-24 04:30:00,1320.0
Z8RsBpxhnkebK5fvahVCmfV7icO2,2019-12-24 04:45:00,390.0
Z8RsBpxhnkebK5fvahVCmfV7icO2,2019-12-24 05:00:00,2010.0
Z8RsBpxhnkebK5fvahVCmfV7icO2,2019-12-24 05:45:00,2220.0
Z8RsBpxhnkebK5fvahVCmfV7icO2,2019-12-24 06:15:00,1050.0
Z8RsBpxhnkebK5fvahVCmfV7icO2,2019-12-24 06:30:00,420.0
Z8RsBpxhnkebK5fvahVCmfV7icO2,2019-12-24 06:45:00,690.0
Z8RsBpxhnkebK5fvahVCmfV7icO2,2019-12-24 07:00:00,615.0
Z8RsBpxhnkebK5fvahVCmfV7icO2,2019-12-24 07:15:00,390.0
Z8RsBpxhnkebK5fvahVCmfV7icO2,2019-12-24 07:30:00,2220.0
Z8RsBpxhnkebK5fvahVCmfV7icO2,2019-12-24 08:00:00,1440.0
Z8RsBpxhnkebK5fvahVCmfV7icO2,2019-12-24 08:30:00,840.0
Z8RsBpxhnkebK5fvahVCmfV7icO2,2019-12-24 08:45:00,375.0
Z8RsBpxhnkebK5fvahVCmfV7icO2,2019-12-24 09:00:00,420.0
Z8RsBpxhnkebK5fvahVCmfV7icO2,2019-12-26 23:30:00,1770.0
Z8RsBpxhnkebK5fvahVCmfV7icO2,2019-12-27 00:00:00,1260.0
Z8RsBpxhnkebK5fvahVCmfV7icO2,2019-12-27 00:30:00,420.0
Z8RsBpxhnkebK5fvahVCmfV7icO2,2019-12-27 00:45:00,1310.0
Z8RsBpxhnkebK5fvahVCmfV7icO2,2019-12-27 01:45:00,1440.0
Z8RsBpxhnkebK5fvahVCmfV7icO2,2019-12-27 02:15:00,885.0
Z8RsBpxhnkebK5fvahVCmfV7icO2,2019-12-27 02:45:00,8760.0
Z8RsBpxhnkebK5fvahVCmfV7icO2,2019-12-27 05:00:00,330.0
Z8RsBpxhnkebK5fvahVCmfV7icO2,2019-12-27 05:15:00,1170.0
Z8RsBpxhnkebK5fvahVCmfV7icO2,2019-12-27 05:30:00,1980.0
Z8RsBpxhnkebK5fvahVCmfV7icO2,2019-12-27 06:00:00,600.0
Z8RsBpxhnkebK5fvahVCmfV7icO2,2019-12-27 06:15:00,360.0
Z8RsBpxhnkebK5fvahVCmfV7icO2,2019-12-27 06:30:00,960.0
Z8RsBpxhnkebK5fvahVCmfV7icO2,2019-12-27 06:45:00,4020.0
Z8RsBpxhnkebK5fvahVCmfV7icO2,2019-12-27 07:45:00,2415.0
Z8RsBpxhnkebK5fvahVCmfV7icO2,2019-12-27 09:15:00,690.0
Z8RsBpxhnkebK5fvahVCmfV7icO2,2020-01-06 00:00:00,4260.0
Z8RsBpxhnkebK5fvahVCmfV7icO2,2020-01-06 01:00:00,1110.0
Z8RsBpxhnkebK5fvahVCmfV7icO2,2020-01-06 04:45:00,1755.0
Z8RsBpxhnkebK5fvahVCmfV7icO2,2020-01-06 05:45:00,2940.0
Z8RsBpxhnkebK5fvahVCmfV7icO2,2020-01-06 06:30:00,900.0
Z8RsBpxhnkebK5fvahVCmfV7icO2,2020-01-06 06:45:00,525.0
Z8RsBpxhnkebK5fvahVCmfV7icO2,2020-01-06 07:00:00,1245.0
Z8RsBpxhnkebK5fvahVCmfV7icO2,2020-01-06 07:45:00,1170.0
Z8RsBpxhnkebK5fvahVCmfV7icO2,2020-01-06 08:15:00,270.0
Z8RsBpxhnkebK5fvahVCmfV7icO2,2020-01-06 08:30:00,1290.0
Z8RsBpxhnkebK5fvahVCmfV7icO2,2020-01-06 08:45:00,510.0
Z8RsBpxhnkebK5fvahVCmfV7icO2,2020-01-06 23:00:00,495.0
Z8RsBpxhnkebK5fvahVCmfV7icO2,2020-01-06 23:15:00,930.0
Z8RsBpxhnkebK5fvahVCmfV7icO2,2020-01-06 23:30:00,810.0
Z8RsBpxhnkebK5fvahVCmfV7icO2,2020-01-06 23:45:00,1140.0
Z8RsBpxhnkebK5fvahVCmfV7icO2,2020-01-07 00:15:00,2460.0
Z8RsBpxhnkebK5fvahVCmfV7icO2,2020-01-07 00:45:00,3210.0
Z8RsBpxhnkebK5fvahVCmfV7icO2,2020-01-07 01:45:00,1410.0
Z8RsBpxhnkebK5fvahVCmfV7icO2,2020-01-07 02:00:00,270.0
Z8RsBpxhnkebK5fvahVCmfV7icO2,2020-01-07 02:15:00,1260.0
Z8RsBpxhnkebK5fvahVCmfV7icO2,2020-01-07 02:30:00,1710.0
Z8RsBpxhnkebK5fvahVCmfV7icO2,2020-01-07 03:30:00,810.0
Z8RsBpxhnkebK5fvahVCmfV7icO2,2020-01-07 03:45:00,330.0
Z8RsBpxhnkebK5fvahVCmfV7icO2,2020-01-07 04:00:00,1545.0
Z8RsBpxhnkebK5fvahVCmfV7icO2,2020-01-07 04:45:00,3390.0
Z8RsBpxhnkebK5fvahVCmfV7icO2,2020-01-07 05:45:00,2940.0
Z8RsBpxhnkebK5fvahVCmfV7icO2,2020-01-07 06:30:00,810.0
Z8RsBpxhnkebK5fvahVCmfV7icO2,2020-01-07 06:45:00,585.0
Z8RsBpxhnkebK5fvahVCmfV7icO2,2020-01-07 07:00:00,990.0
Z8RsBpxhnkebK5fvahVCmfV7icO2,2020-01-07 07:15:00,1110.0
Z8RsBpxhnkebK5fvahVCmfV7icO2,2020-01-07 07:45:00,1080.0
Z8RsBpxhnkebK5fvahVCmfV7icO2,2020-01-07 08:00:00,1440.0
Z8RsBpxhnkebK5fvahVCmfV7icO2,2020-01-07 09:15:00,495.0
Z8RsBpxhnkebK5fvahVCmfV7icO2,2020-01-08 03:30:00,2475.0
Z8RsBpxhnkebK5fvahVCmfV7icO2,2020-01-08 04:45:00,3210.0
Z8RsBpxhnkebK5fvahVCmfV7icO2,2020-01-08 05:45:00,1650.0
Z8RsBpxhnkebK5fvahVCmfV7icO2,2020-01-08 06:15:00,1410.0
Z8RsBpxhnkebK5fvahVCmfV7icO2,2020-01-08 06:30:00,210.0
Z8RsBpxhnkebK5fvahVCmfV7icO2,2020-01-08 06:45:00,1680.0
Z8RsBpxhnkebK5fvahVCmfV7icO2,2020-01-08 07:00:00,270.0
Z8RsBpxhnkebK5fvahVCmfV7icO2,2020-01-08 07:15:00,1470.0
Z8RsBpxhnkebK5fvahVCmfV7icO2,2020-01-08 07:30:00,240.0
Z8RsBpxhnkebK5fvahVCmfV7icO2,2020-01-08 07:45:00,960.0
Z8RsBpxhnkebK5fvahVCmfV7icO2,2020-01-08 08:00:00,510.0
Z8RsBpxhnkebK5fvahVCmfV7icO2,2020-01-08 08:15:00,1170.0
Z8RsBpxhnkebK5fvahVCmfV7icO2,2020-01-08 08:30:00,960.0
Z8RsBpxhnkebK5fvahVCmfV7icO2,2020-01-09 01:15:00,1905.0
Z8RsBpxhnkebK5fvahVCmfV7icO2,2020-01-09 02:15:00,615.0
Z8RsBpxhnkebK5fvahVCmfV7icO2,2020-01-09 02:30:00,1080.0
Z8RsBpxhnkebK5fvahVCmfV7icO2,2020-01-09 02:45:00,2160.0
Z8RsBpxhnkebK5fvahVCmfV7icO2,2020-01-09 03:30:00,450.0
Z8RsBpxhnkebK5fvahVCmfV7icO2,2020-01-09 03:45:00,480.0
Z8RsBpxhnkebK5fvahVCmfV7icO2,2020-01-09 04:00:00,2700.0
Z8RsBpxhnkebK5fvahVCmfV7icO2,2020-01-09 04:45:00,320.0
Z8RsBpxhnkebK5fvahVCmfV7icO2,2020-01-09 05:00:00,2940.0
Z8RsBpxhnkebK5fvahVCmfV7icO2,2020-01-09 05:45:00,930.0
Z8RsBpxhnkebK5fvahVCmfV7icO2,2020-01-09 06:00:00,840.0
Z8RsBpxhnkebK5fvahVCmfV7icO2,2020-01-09 06:15:00,330.0
Z8RsBpxhnkebK5fvahVCmfV7icO2,2020-01-09 06:30:00,1110.0
Z8RsBpxhnkebK5fvahVCmfV7icO2,2020-01-09 06:45:00,420.0
Z8RsBpxhnkebK5fvahVCmfV7icO2,2020-01-09 07:00:00,2520.0
Z8RsBpxhnkebK5fvahVCmfV7icO2,2020-01-09 07:45:00,1470.0
Z8RsBpxhnkebK5fvahVCmfV7icO2,2020-01-09 08:00:00,150.0
Z8RsBpxhnkebK5fvahVCmfV7icO2,2020-01-10 04:15:00,270.0
Z8RsBpxhnkebK5fvahVCmfV7icO2,2020-01-10 04:30:00,3150.0
Z8RsBpxhnkebK5fvahVCmfV7icO2,2020-01-10 05:15:00,810.0
Z8RsBpxhnkebK5fvahVCmfV7icO2,2020-01-10 05:30:00,600.0
Z8RsBpxhnkebK5fvahVCmfV7icO2,2020-01-10 05:45:00,2400.0
Z8RsBpxhnkebK5fvahVCmfV7icO2,2020-01-10 06:15:00,1980.0
Z8RsBpxhnkebK5fvahVCmfV7icO2,2020-01-10 07:00:00,540.0
Z8RsBpxhnkebK5fvahVCmfV7icO2,2020-01-10 07:15:00,930.0
Z8RsBpxhnkebK5fvahVCmfV7icO2,2020-01-10 07:30:00,585.0
Z8RsBpxhnkebK5fvahVCmfV7icO2,2020-01-10 07:45:00,4980.0
Z8RsBpxhnkebK5fvahVCmfV7icO2,2020-01-10 09:15:00,2445.0
Z8RsBpxhnkebK5fvahVCmfV7icO2,2020-01-10 10:30:00,900.0
Z8RsBpxhnkebK5fvahVCmfV7icO2,2020-01-11 01:15:00,570.0
Z8RsBpxhnkebK5fvahVCmfV7icO2,2020-01-11 01:45:00,1740.0
Z8RsBpxhnkebK5fvahVCmfV7icO2,2020-01-11 02:15:00,1170.0
Z8RsBpxhnkebK5fvahVCmfV7icO2,2020-01-11 02:30:00,3255.0
Z8RsBpxhnkebK5fvahVCmfV7icO2,2020-01-11 04:15:00,960.0
Z8RsBpxhnkebK5fvahVCmfV7icO2,2020-01-11 04:30:00,1650.0
Z8RsBpxhnkebK5fvahVCmfV7icO2,2020-01-11 05:00:00,1410.0
Z8RsBpxhnkebK5fvahVCmfV7icO2,2020-01-11 05:30:00,2490.0
Z8RsBpxhnkebK5fvahVCmfV7icO2,2020-01-11 06:00:00,270.0
Z8RsBpxhnkebK5fvahVCmfV7icO2,2020-01-11 06:15:00,720.0
Z8RsBpxhnkebK5fvahVCmfV7icO2,2020-01-11 06:30:00,490.0
Z8RsBpxhnkebK5fvahVCmfV7icO2,2020-01-11 06:45:00,2040.0
Z8RsBpxhnkebK5fvahVCmfV7icO2,2020-01-11 07:15:00,1410.0
Z8RsBpxhnkebK5fvahVCmfV7icO2,2020-01-11 07:45:00,450.0
Z8RsBpxhnkebK5fvahVCmfV7icO2,2020-01-12 02:30:00,1395.0
Z8RsBpxhnkebK5fvahVCmfV7icO2,2020-01-12 03:15:00,2190.0
Z8RsBpxhnkebK5fvahVCmfV7icO2,2020-01-12 03:45:00,5130.0
Z8RsBpxhnkebK5fvahVCmfV7icO2,2020-01-12 05:15:00,1110.0
Z8RsBpxhnkebK5fvahVCmfV7icO2,2020-01-12 05:30:00,630.0
Z8RsBpxhnkebK5fvahVCmfV7icO2,2020-01-12 05:45:00,1140.0
Z8RsBpxhnkebK5fvahVCmfV7icO2,2020-01-12 06:00:00,1950.0
Z8RsBpxhnkebK5fvahVCmfV7icO2,2020-01-12 06:30:00,270.0
Z8RsBpxhnkebK5fvahVCmfV7icO2,2020-01-12 06:45:00,2460.0
Z8RsBpxhnkebK5fvahVCmfV7icO2,2020-01-12 07:15:00,1710.0
Z8RsBpxhnkebK5fvahVCmfV7icO2,2020-01-12 07:45:00,390.0
Z8RsBpxhnkebK5fvahVCmfV7icO2,2020-01-12 08:00:00,2730.0
Z8RsBpxhnkebK5fvahVCmfV7icO2,2020-01-12 08:45:00,250.0
Z8RsBpxhnkebK5fvahVCmfV7icO2,2020-01-12 09:00:00,1170.0
Z8RsBpxhnkebK5fvahVCmfV7icO2,2020-01-12 09:30:00,300.0
Z8RsBpxhnkebK5fvahVCmfV7icO2,2020-01-13 00:15:00,1140.0
Z8RsBpxhnkebK5fvahVCmfV7icO2,2020-01-13 00:45:00,1260.0
Z8RsBpxhnkebK5fvahVCmfV7icO2,2020-01-13 01:30:00,140.0
Z8RsBpxhnkebK5fvahVCmfV7icO2,2020-01-13 01:45:00,1080.0
Z8RsBpxhnkebK5fvahVCmfV7icO2,2020-01-13 02:30:00,100.0
Z8RsBpxhnkebK5fvahVCmfV7icO2,2020-01-13 02:45:00,90.0
Z8RsBpxhnkebK5fvahVCmfV7icO2,2020-01-13 05:00:00,630.0
Z8RsBpxhnkebK5fvahVCmfV7icO2,2020-01-13 05:15:00,1320.0
Z8RsBpxhnkebK5fvahVCmfV7icO2,2020-01-13 06:00:00,1710.0
Z8RsBpxhnkebK5fvahVCmfV7icO2,2020-01-13 06:30:00,4380.0
Z8RsBpxhnkebK5fvahVCmfV7icO2,2020-01-13 07:45:00,735.0
Z8RsBpxhnkebK5fvahVCmfV7icO2,2020-01-13 08:00:00,210.0
Z8RsBpxhnkebK5fvahVCmfV7icO2,2020-01-13 08:15:00,540.0
Z8RsBpxhnkebK5fvahVCmfV7icO2,2020-01-13 08:30:00,720.0
Z8RsBpxhnkebK5fvahVCmfV7icO2,2020-01-13 23:30:00,1020.0
Z8RsBpxhnkebK5fvahVCmfV7icO2,2020-01-14 00:00:00,1500.0
Z8RsBpxhnkebK5fvahVCmfV7icO2,2020-01-14 00:15:00,3690.0
Z8RsBpxhnkebK5fvahVCmfV7icO2,2020-01-14 01:15:00,2190.0
Z8RsBpxhnkebK5fvahVCmfV7icO2,2020-01-14 02:00:00,2190.0
Z8RsBpxhnkebK5fvahVCmfV7icO2,2020-01-14 02:30:00,345.0
Z8RsBpxhnkebK5fvahVCmfV7icO2,2020-01-14 02:45:00,540.0
Z8RsBpxhnkebK5fvahVCmfV7icO2,2020-01-14 03:00:00,1710.0
Z8RsBpxhnkebK5fvahVCmfV7icO2,2020-01-14 03:15:00,330.0
Z8RsBpxhnkebK5fvahVCmfV7icO2,2020-01-14 03:30:00,4380.0
Z8RsBpxhnkebK5fvahVCmfV7icO2,2020-01-14 04:45:00,450.0
Z8RsBpxhnkebK5fvahVCmfV7icO2,2020-01-14 05:00:00,420.0
Z8RsBpxhnkebK5fvahVCmfV7icO2,2020-01-14 05:15:00,3150.0
Z8RsBpxhnkebK5fvahVCmfV7icO2,2020-01-14 06:00:00,1065.0
Z8RsBpxhnkebK5fvahVCmfV7icO2,2020-01-14 06:30:00,3660.0
Z8RsBpxhnkebK5fvahVCmfV7icO2,2020-01-14 07:45:00,1070.0
Z8RsBpxhnkebK5fvahVCmfV7icO2,2020-01-14 08:30:00,1980.0
Z8RsBpxhnkebK5fvahVCmfV7icO2,2020-01-15 01:30:00,540.0
Z8RsBpxhnkebK5fvahVCmfV7icO2,2020-01-15 01:45:00,465.0
Z8RsBpxhnkebK5fvahVCmfV7icO2,2020-01-15 02:00:00,630.0
Z8RsBpxhnkebK5fvahVCmfV7icO2,2020-01-15 02:15:00,1050.0
Z8RsBpxhnkebK5fvahVCmfV7icO2,2020-01-15 02:30:00,1395.0
Z8RsBpxhnkebK5fvahVCmfV7icO2,2020-01-15 03:15:00,825.0
Z8RsBpxhnkebK5fvahVCmfV7icO2,2020-01-15 03:45:00,675.0
Z8RsBpxhnkebK5fvahVCmfV7icO2,2020-01-15 04:00:00,1530.0
Z8RsBpxhnkebK5fvahVCmfV7icO2,2020-01-15 04:30:00,1080.0
Z8RsBpxhnkebK5fvahVCmfV7icO2,2020-01-15 04:45:00,3060.0
Z8RsBpxhnkebK5fvahVCmfV7icO2,2020-01-15 05:30:00,210.0
Z8RsBpxhnkebK5fvahVCmfV7icO2,2020-01-15 05:45:00,1920.0
Z8RsBpxhnkebK5fvahVCmfV7icO2,2020-01-15 06:15:00,1290.0
Z8RsBpxhnkebK5fvahVCmfV7icO2,2020-01-15 06:30:00,315.0
Z8RsBpxhnkebK5fvahVCmfV7icO2,2020-01-15 06:45:00,405.0
Z8RsBpxhnkebK5fvahVCmfV7icO2,2020-01-15 07:00:00,1740.0
Z8RsBpxhnkebK5fvahVCmfV7icO2,2020-01-15 07:30:00,2340.0
Z8RsBpxhnkebK5fvahVCmfV7icO2,2020-01-15 08:00:00,3180.0
Z8RsBpxhnkebK5fvahVCmfV7icO2,2020-01-16 01:15:00,570.0
Z8RsBpxhnkebK5fvahVCmfV7icO2,2020-01-16 01:30:00,660.0
Z8RsBpxhnkebK5fvahVCmfV7icO2,2020-01-16 01:45:00,1035.0
Z8RsBpxhnkebK5fvahVCmfV7icO2,2020-01-16 02:15:00,180.0
Z8RsBpxhnkebK5fvahVCmfV7icO2,2020-01-16 02:30:00,1470.0
Z8RsBpxhnkebK5fvahVCmfV7icO2,2020-01-16 02:45:00,1740.0
Z8RsBpxhnkebK5fvahVCmfV7icO2,2020-01-16 03:15:00,1740.0
Z8RsBpxhnkebK5fvahVCmfV7icO2,2020-01-16 03:45:00,1680.0
Z8RsBpxhnkebK5fvahVCmfV7icO2,2020-01-16 04:15:00,600.0
Z8RsBpxhnkebK5fvahVCmfV7icO2,2020-01-16 04:30:00,2130.0
Z8RsBpxhnkebK5fvahVCmfV7icO2,2020-01-16 05:00:00,2730.0
Z8RsBpxhnkebK5fvahVCmfV7icO2,2020-01-16 05:45:00,2370.0
Z8RsBpxhnkebK5fvahVCmfV7icO2,2020-01-16 06:30:00,495.0
Z8RsBpxhnkebK5fvahVCmfV7icO2,2020-01-16 06:45:00,2400.0
Z8RsBpxhnkebK5fvahVCmfV7icO2,2020-01-16 07:30:00,470.0
Z8RsBpxhnkebK5fvahVCmfV7icO2,2020-01-17 01:15:00,300.0
Z8RsBpxhnkebK5fvahVCmfV7icO2,2020-01-17 01:30:00,690.0
Z8RsBpxhnkebK5fvahVCmfV7icO2,2020-01-17 01:45:00,510.0
Z8RsBpxhnkebK5fvahVCmfV7icO2,2020-01-17 02:00:00,870.0
Z8RsBpxhnkebK5fvahVCmfV7icO2,2020-01-17 02:15:00,1170.0
Z8RsBpxhnkebK5fvahVCmfV7icO2,2020-01-17 02:30:00,2910.0
Z8RsBpxhnkebK5fvahVCmfV7icO2,2020-01-17 04:00:00,420.0
Z8RsBpxhnkebK5fvahVCmfV7icO2,2020-01-17 04:15:00,1230.0
Z8RsBpxhnkebK5fvahVCmfV7icO2,2020-01-17 04:30:00,1440.0
Z8RsBpxhnkebK5fvahVCmfV7icO2,2020-01-17 05:00:00,5100.0
Z8RsBpxhnkebK5fvahVCmfV7icO2,2020-01-17 06:15:00,1080.0
Z8RsBpxhnkebK5fvahVCmfV7icO2,2020-01-17 06:45:00,3030.0
Z8RsBpxhnkebK5fvahVCmfV7icO2,2020-01-17 07:30:00,360.0
Z8RsBpxhnkebK5fvahVCmfV7icO2,2020-01-18 00:30:00,1530.0
Z8RsBpxhnkebK5fvahVCmfV7icO2,2020-01-18 00:45:00,1710.0
Z8RsBpxhnkebK5fvahVCmfV7icO2,2020-01-18 01:15:00,2220.0
Z8RsBpxhnkebK5fvahVCmfV7icO2,2020-01-18 02:00:00,2790.0
Z8RsBpxhnkebK5fvahVCmfV7icO2,2020-01-18 02:45:00,2430.0
Z8RsBpxhnkebK5fvahVCmfV7icO2,2020-01-18 03:15:00,1380.0
Z8RsBpxhnkebK5fvahVCmfV7icO2,2020-01-18 03:45:00,1230.0
Z8RsBpxhnkebK5fvahVCmfV7icO2,2020-01-18 04:45:00,1980.0
Z8RsBpxhnkebK5fvahVCmfV7icO2,2020-01-18 05:15:00,195.0
Z8RsBpxhnkebK5fvahVCmfV7icO2,2020-01-18 05:30:00,2250.0
Z8RsBpxhnkebK5fvahVCmfV7icO2,2020-01-18 06:00:00,1680.0
Z8RsBpxhnkebK5fvahVCmfV7icO2,2020-01-18 06:30:00,375.0
Z8RsBpxhnkebK5fvahVCmfV7icO2,2020-01-18 06:45:00,1140.0
Z8RsBpxhnkebK5fvahVCmfV7icO2,2020-01-18 07:00:00,1350.0
Z8RsBpxhnkebK5fvahVCmfV7icO2,2020-01-18 07:30:00,820.0
Z8RsBpxhnkebK5fvahVCmfV7icO2,2020-01-18 08:00:00,1470.0
Z8RsBpxhnkebK5fvahVCmfV7icO2,2020-01-18 08:30:00,510.0
Z8RsBpxhnkebK5fvahVCmfV7icO2,2020-01-20 01:45:00,1485.0
Z8RsBpxhnkebK5fvahVCmfV7icO2,2020-01-20 02:30:00,300.0
Z8RsBpxhnkebK5fvahVCmfV7icO2,2020-01-20 02:45:00,660.0
Z8RsBpxhnkebK5fvahVCmfV7icO2,2020-01-20 03:00:00,1290.0
Z8RsBpxhnkebK5fvahVCmfV7icO2,2020-01-20 03:15:00,3060.0
Z8RsBpxhnkebK5fvahVCmfV7icO2,2020-01-20 04:15:00,1260.0
Z8RsBpxhnkebK5fvahVCmfV7icO2,2020-01-20 04:30:00,810.0
Z8RsBpxhnkebK5fvahVCmfV7icO2,2020-01-20 04:45:00,390.0
Z8RsBpxhnkebK5fvahVCmfV7icO2,2020-01-20 05:00:00,2340.0
Z8RsBpxhnkebK5fvahVCmfV7icO2,2020-01-20 05:30:00,660.0
Z8RsBpxhnkebK5fvahVCmfV7icO2,2020-01-20 05:45:00,2100.0
Z8RsBpxhnkebK5fvahVCmfV7icO2,2020-01-20 06:15:00,240.0
Z8RsBpxhnkebK5fvahVCmfV7icO2,2020-01-20 06:30:00,900.0
Z8RsBpxhnkebK5fvahVCmfV7icO2,2020-01-20 07:00:00,570.0
Z8RsBpxhnkebK5fvahVCmfV7icO2,2020-01-20 07:15:00,1260.0
Z8RsBpxhnkebK5fvahVCmfV7icO2,2020-01-20 07:30:00,300.0
Z8RsBpxhnkebK5fvahVCmfV7icO2,2020-01-20 07:45:00,2730.0
Z8RsBpxhnkebK5fvahVCmfV7icO2,2020-01-20 08:30:00,410.0
Z8RsBpxhnkebK5fvahVCmfV7icO2,2020-01-22 01:15:00,420.0
Z8RsBpxhnkebK5fvahVCmfV7icO2,2020-01-22 01:30:00,1815.0
Z8RsBpxhnkebK5fvahVCmfV7icO2,2020-01-22 02:30:00,1800.0
Z8RsBpxhnkebK5fvahVCmfV7icO2,2020-01-22 03:00:00,1350.0
Z8RsBpxhnkebK5fvahVCmfV7icO2,2020-01-22 03:15:00,3510.0
Z8RsBpxhnkebK5fvahVCmfV7icO2,2020-01-22 04:15:00,1200.0
Z8RsBpxhnkebK5fvahVCmfV7icO2,2020-01-22 04:45:00,370.0
Z8RsBpxhnkebK5fvahVCmfV7icO2,2020-01-22 05:00:00,3150.0
Z8RsBpxhnkebK5fvahVCmfV7icO2,2020-01-22 05:45:00,2580.0
Z8RsBpxhnkebK5fvahVCmfV7icO2,2020-01-22 06:30:00,1170.0
Z8RsBpxhnkebK5fvahVCmfV7icO2,2020-01-22 06:45:00,330.0
Z8RsBpxhnkebK5fvahVCmfV7icO2,2020-01-22 07:00:00,1380.0
Z8RsBpxhnkebK5fvahVCmfV7icO2,2020-01-22 07:15:00,690.0
Z8RsBpxhnkebK5fvahVCmfV7icO2,2020-01-23 01:15:00,1185.0
Z8RsBpxhnkebK5fvahVCmfV7icO2,2020-01-23 02:00:00,3360.0
Z8RsBpxhnkebK5fvahVCmfV7icO2,2020-01-23 03:00:00,4200.0
Z8RsBpxhnkebK5fvahVCmfV7icO2,2020-01-23 04:00:00,1020.0
Z8RsBpxhnkebK5fvahVCmfV7icO2,2020-01-23 04:15:00,480.0
Z8RsBpxhnkebK5fvahVCmfV7icO2,2020-01-23 04:30:00,690.0
Z8RsBpxhnkebK5fvahVCmfV7icO2,2020-01-23 04:45:00,4020.0
Z8RsBpxhnkebK5fvahVCmfV7icO2,2020-01-23 05:45:00,4110.0
Z8RsBpxhnkebK5fvahVCmfV7icO2,2020-01-23 07:00:00,2220.0
Z8RsBpxhnkebK5fvahVCmfV7icO2,2020-01-23 07:30:00,360.0
Z8RsBpxhnkebK5fvahVCmfV7icO2,2020-01-23 07:45:00,465.0
Z8RsBpxhnkebK5fvahVCmfV7icO2,2020-01-23 08:00:00,675.0
fLqw0dU8z4brI2Jg74ps3pHqLak1,2019-12-16 22:15:00,1770.0
fLqw0dU8z4brI2Jg74ps3pHqLak1,2019-12-16 22:45:00,510.0
fLqw0dU8z4brI2Jg74ps3pHqLak1,2019-12-16 23:00:00,1515.0
fLqw0dU8z4brI2Jg74ps3pHqLak1,2019-12-16 23:45:00,840.0
fLqw0dU8z4brI2Jg74ps3pHqLak1,2019-12-17 00:00:00,1320.0
fLqw0dU8z4brI2Jg74ps3pHqLak1,2019-12-17 00:30:00,345.0
fLqw0dU8z4brI2Jg74ps3pHqLak1,2019-12-17 00:45:00,270.0
fLqw0dU8z4brI2Jg74ps3pHqLak1,2019-12-17 01:00:00,1215.0
fLqw0dU8z4brI2Jg74ps3pHqLak1,2019-12-17 01:30:00,300.0
fLqw0dU8z4brI2Jg74ps3pHqLak1,2019-12-17 01:45:00,2850.0
fLqw0dU8z4brI2Jg74ps3pHqLak1,2019-12-17 02:30:00,585.0
fLqw0dU8z4brI2Jg74ps3pHqLak1,2019-12-17 02:45:00,240.0
fLqw0dU8z4brI2Jg74ps3pHqLak1,2019-12-17 03:00:00,465.0
fLqw0dU8z4brI2Jg74ps3pHqLak1,2019-12-17 03:15:00,870.0
fLqw0dU8z4brI2Jg74ps3pHqLak1,2019-12-17 03:30:00,1170.0
fLqw0dU8z4brI2Jg74ps3pHqLak1,2019-12-17 03:45:00,810.0
fLqw0dU8z4brI2Jg74ps3pHqLak1,2019-12-17 04:00:00,1005.0
fLqw0dU8z4brI2Jg74ps3pHqLak1,2019-12-17 04:30:00,435.0
fLqw0dU8z4brI2Jg74ps3pHqLak1,2019-12-17 04:45:00,1140.0
fLqw0dU8z4brI2Jg74ps3pHqLak1,2019-12-17 05:00:00,1860.0
fLqw0dU8z4brI2Jg74ps3pHqLak1,2019-12-17 05:30:00,300.0
fLqw0dU8z4brI2Jg74ps3pHqLak1,2019-12-17 05:45:00,795.0
fLqw0dU8z4brI2Jg74ps3pHqLak1,2019-12-17 06:00:00,1620.0
fLqw0dU8z4brI2Jg74ps3pHqLak1,2019-12-17 06:30:00,1020.0
fLqw0dU8z4brI2Jg74ps3pHqLak1,2019-12-17 06:45:00,180.0
fLqw0dU8z4brI2Jg74ps3pHqLak1,2019-12-17 07:00:00,450.0
fLqw0dU8z4brI2Jg74ps3pHqLak1,2019-12-17 23:30:00,1320.0
fLqw0dU8z4brI2Jg74ps3pHqLak1,2019-12-17 23:45:00,750.0
fLqw0dU8z4brI2Jg74ps3pHqLak1,2019-12-18 00:00:00,480.0
fLqw0dU8z4brI2Jg74ps3pHqLak1,2019-12-18 00:15:00,450.0
fLqw0dU8z4brI2Jg74ps3pHqLak1,2019-12-18 00:30:00,1455.0
fLqw0dU8z4brI2Jg74ps3pHqLak1,2019-12-18 01:15:00,600.0
fLqw0dU8z4brI2Jg74ps3pHqLak1,2019-12-18 01:30:00,960.0
fLqw0dU8z4brI2Jg74ps3pHqLak1,2019-12-18 01:45:00,1440.0
fLqw0dU8z4brI2Jg74ps3pHqLak1,2019-12-18 02:00:00,300.0
fLqw0dU8z4brI2Jg74ps3pHqLak1,2019-12-18 02:15:00,870.0
fLqw0dU8z4brI2Jg74ps3pHqLak1,2019-12-18 02:30:00,2310.0
fLqw0dU8z4brI2Jg74ps3pHqLak1,2019-12-18 03:00:00,900.0
fLqw0dU8z4brI2Jg74ps3pHqLak1,2019-12-18 03:30:00,4050.0
fLqw0dU8z4brI2Jg74ps3pHqLak1,2019-12-18 04:45:00,2130.0
fLqw0dU8z4brI2Jg74ps3pHqLak1,2019-12-18 05:15:00,2610.0
fLqw0dU8z4brI2Jg74ps3pHqLak1,2019-12-18 06:00:00,3180.0
fLqw0dU8z4brI2Jg74ps3pHqLak1,2019-12-18 06:45:00,1260.0
fLqw0dU8z4brI2Jg74ps3pHqLak1,2019-12-20 01:15:00,450.0
fLqw0dU8z4brI2Jg74ps3pHqLak1,2019-12-20 01:30:00,450.0
fLqw0dU8z4brI2Jg74ps3pHqLak1,2019-12-20 01:45:00,1065.0
fLqw0dU8z4brI2Jg74ps3pHqLak1,2019-12-20 02:15:00,420.0
fLqw0dU8z4brI2Jg74ps3pHqLak1,2019-12-20 02:30:00,600.0
fLqw0dU8z4brI2Jg74ps3pHqLak1,2019-12-20 02:45:00,600.0
fLqw0dU8z4brI2Jg74ps3pHqLak1,2019-12-20 03:00:00,2100.0
fLqw0dU8z4brI2Jg74ps3pHqLak1,2019-12-20 03:30:00,645.0
fLqw0dU8z4brI2Jg74ps3pHqLak1,2019-12-20 03:45:00,1350.0
fLqw0dU8z4brI2Jg74ps3pHqLak1,2019-12-20 04:15:00,450.0
fLqw0dU8z4brI2Jg74ps3pHqLak1,2019-12-20 04:30:00,220.0
fLqw0dU8z4brI2Jg74ps3pHqLak1,2019-12-20 04:45:00,1365.0
fLqw0dU8z4brI2Jg74ps3pHqLak1,2019-12-20 05:30:00,570.0
fLqw0dU8z4brI2Jg74ps3pHqLak1,2019-12-20 05:45:00,1170.0
fLqw0dU8z4brI2Jg74ps3pHqLak1,2019-12-20 06:00:00,3600.0
fLqw0dU8z4brI2Jg74ps3pHqLak1,2019-12-20 07:00:00,570.0
fLqw0dU8z4brI2Jg74ps3pHqLak1,2019-12-20 07:15:00,990.0
fLqw0dU8z4brI2Jg74ps3pHqLak1,2019-12-20 07:30:00,3000.0
fLqw0dU8z4brI2Jg74ps3pHqLak1,2019-12-20 08:15:00,870.0
fLqw0dU8z4brI2Jg74ps3pHqLak1,2019-12-20 23:15:00,2010.0
fLqw0dU8z4brI2Jg74ps3pHqLak1,2019-12-20 23:45:00,765.0
fLqw0dU8z4brI2Jg74ps3pHqLak1,2019-12-21 00:15:00,1290.0
fLqw0dU8z4brI2Jg74ps3pHqLak1,2019-12-21 00:30:00,690.0
fLqw0dU8z4brI2Jg74ps3pHqLak1,2019-12-21 00:45:00,945.0
fLqw0dU8z4brI2Jg74ps3pHqLak1,2019-12-21 01:15:00,885.0
fLqw0dU8z4brI2Jg74ps3pHqLak1,2019-12-21 01:45:00,660.0
fLqw0dU8z4brI2Jg74ps3pHqLak1,2019-12-21 02:00:00,1440.0
fLqw0dU8z4brI2Jg74ps3pHqLak1,2019-12-21 02:45:00,840.0
fLqw0dU8z4brI2Jg74ps3pHqLak1,2019-12-21 03:15:00,1260.0
fLqw0dU8z4brI2Jg74ps3pHqLak1,2019-12-21 03:30:00,1200.0
fLqw0dU8z4brI2Jg74ps3pHqLak1,2019-12-21 03:45:00,2130.0
fLqw0dU8z4brI2Jg74ps3pHqLak1,2019-12-21 04:30:00,2160.0
fLqw0dU8z4brI2Jg74ps3pHqLak1,2019-12-21 05:00:00,1860.0
fLqw0dU8z4brI2Jg74ps3pHqLak1,2019-12-21 05:30:00,510.0
fLqw0dU8z4brI2Jg74ps3pHqLak1,2019-12-21 05:45:00,705.0
fLqw0dU8z4brI2Jg74ps3pHqLak1,2019-12-21 06:00:00,510.0
fLqw0dU8z4brI2Jg74ps3pHqLak1,2019-12-21 06:15:00,1200.0
fLqw0dU8z4brI2Jg74ps3pHqLak1,2019-12-21 06:30:00,270.0
fLqw0dU8z4brI2Jg74ps3pHqLak1,2019-12-21 06:45:00,1815.0
fLqw0dU8z4brI2Jg74ps3pHqLak1,2019-12-21 07:45:00,2040.0
fLqw0dU8z4brI2Jg74ps3pHqLak1,2019-12-21 08:15:00,1590.0
fLqw0dU8z4brI2Jg74ps3pHqLak1,2019-12-22 15:15:00,4500.0
fLqw0dU8z4brI2Jg74ps3pHqLak1,2019-12-22 16:30:00,960.0
fLqw0dU8z4brI2Jg74ps3pHqLak1,2019-12-27 00:30:00,975.0
fLqw0dU8z4brI2Jg74ps3pHqLak1,2019-12-27 01:00:00,615.0
fLqw0dU8z4brI2Jg74ps3pHqLak1,2019-12-27 01:15:00,270.0
fLqw0dU8z4brI2Jg74ps3pHqLak1,2019-12-27 01:30:00,1950.0
fLqw0dU8z4brI2Jg74ps3pHqLak1,2019-12-27 02:00:00,900.0
fLqw0dU8z4brI2Jg74ps3pHqLak1,2019-12-27 02:30:00,1380.0
fLqw0dU8z4brI2Jg74ps3pHqLak1,2019-12-27 02:45:00,2400.0
fLqw0dU8z4brI2Jg74ps3pHqLak1,2019-12-27 03:30:00,360.0
fLqw0dU8z4brI2Jg74ps3pHqLak1,2019-12-27 03:45:00,945.0
fLqw0dU8z4brI2Jg74ps3pHqLak1,2019-12-27 04:15:00,585.0
fLqw0dU8z4brI2Jg74ps3pHqLak1,2019-12-27 04:30:00,4620.0
fLqw0dU8z4brI2Jg74ps3pHqLak1,2019-12-27 05:45:00,1110.0
fLqw0dU8z4brI2Jg74ps3pHqLak1,2019-12-27 06:00:00,270.0
fLqw0dU8z4brI2Jg74ps3pHqLak1,2019-12-27 06:15:00,2160.0
fLqw0dU8z4brI2Jg74ps3pHqLak1,2019-12-27 06:45:00,1050.0
fLqw0dU8z4brI2Jg74ps3pHqLak1,2019-12-27 07:00:00,1200.0
fLqw0dU8z4brI2Jg74ps3pHqLak1,2019-12-27 07:45:00,690.0
fLqw0dU8z4brI2Jg74ps3pHqLak1,2019-12-27 08:15:00,390.0
fLqw0dU8z4brI2Jg74ps3pHqLak1,2019-12-27 17:30:00,120.0
fLqw0dU8z4brI2Jg74ps3pHqLak1,2019-12-27 17:45:00,2070.0
fLqw0dU8z4brI2Jg74ps3pHqLak1,2020-01-24 20:30:00,1920.0
fLqw0dU8z4brI2Jg74ps3pHqLak1,2020-01-24 21:00:00,855.0
fLqw0dU8z4brI2Jg74ps3pHqLak1,2020-01-24 21:45:00,120.0
fLqw0dU8z4brI2Jg74ps3pHqLak1,2020-01-24 22:00:00,312.0
fLqw0dU8z4brI2Jg74ps3pHqLak1,2020-01-24 23:30:00,360.0
fLqw0dU8z4brI2Jg74ps3pHqLak1,2020-01-24 23:45:00,1440.0
fLqw0dU8z4brI2Jg74ps3pHqLak1,2020-01-25 00:00:00,1650.0
fLqw0dU8z4brI2Jg74ps3pHqLak1,2020-01-25 00:30:00,375.0
fLqw0dU8z4brI2Jg74ps3pHqLak1,2020-01-25 00:45:00,1080.0
fLqw0dU8z4brI2Jg74ps3pHqLak1,2020-01-25 01:00:00,750.0
fLqw0dU8z4brI2Jg74ps3pHqLak1,2020-01-25 01:15:00,3300.0
fLqw0dU8z4brI2Jg74ps3pHqLak1,2020-01-25 02:15:00,1560.0
fLqw0dU8z4brI2Jg74ps3pHqLak1,2020-01-25 02:30:00,1110.0
fLqw0dU8z4brI2Jg74ps3pHqLak1,2020-01-25 03:15:00,1680.0
fLqw0dU8z4brI2Jg74ps3pHqLak1,2020-01-25 03:45:00,1200.0
fLqw0dU8z4brI2Jg74ps3pHqLak1,2020-01-25 04:00:00,1620.0
fLqw0dU8z4brI2Jg74ps3pHqLak1,2020-01-25 04:30:00,2250.0
fLqw0dU8z4brI2Jg74ps3pHqLak1,2020-01-25 05:00:00,270.0
fLqw0dU8z4brI2Jg74ps3pHqLak1,2020-01-25 06:30:00,1140.0
fLqw0dU8z4brI2Jg74ps3pHqLak1,2020-01-25 07:00:00,3240.0
fLqw0dU8z4brI2Jg74ps3pHqLak1,2020-01-25 08:45:00,330.0
fLqw0dU8z4brI2Jg74ps3pHqLak1,2020-01-25 09:00:00,855.0
fLqw0dU8z4brI2Jg74ps3pHqLak1,2020-01-25 09:30:00,420.0
